ARPT_ID,HUB_SIZE,CITY,STATE_NAME,COUNTY_NAME,ARPT_NAME,LAT_DECIMAL,LONG_DECIMAL
ABE,Small,ALLENTOWN,PENNSYLVANIA,LEHIGH,LEHIGH VALLEY INTL,40.65236277,-75.44040583
ABI,Non-Hub,ABILENE,TEXAS,TAYLOR,ABILENE RGNL,32.41133333,-99.68188888
ABQ,Medium,ALBUQUERQUE,NEW MEXICO,BERNALILLO,ALBUQUERQUE INTL SUNPORT,35.03893155,-106.6082622
ABR,Non-Hub,ABERDEEN,SOUTH DAKOTA,BROWN,ABERDEEN RGNL,45.44679805,-98.42244083
ABY,Non-Hub,ALBANY,GEORGIA,DOUGHERTY,SOUTHWEST GEORGIA RGNL,31.53552777,-84.19447222
ACK,Non-Hub,NANTUCKET,MASSACHUSETTS,NANTUCKET,NANTUCKET MEML,41.25329916,-70.06051138
ACT,Non-Hub,WACO,TEXAS,MC LENNAN,WACO RGNL,31.61219444,-97.23030555
ACV,Non-Hub,ARCATA/EUREKA,CALIFORNIA,HUMBOLDT,CALIFORNIA REDWOOD COAST-HUMBOLDT COUNTY,40.97782638,-124.1084692
ACY,Small,ATLANTIC CITY,NEW JERSEY,ATLANTIC,ATLANTIC CITY INTL,39.45757583,-74.57715527
AEX,Non-Hub,ALEXANDRIA,LOUISIANA,RAPIDES,ALEXANDRIA INTL,31.32737166,-92.54855583
AGS,Non-Hub,AUGUSTA,GEORGIA,RICHMOND,AUGUSTA RGNL AT BUSH FLD,33.36994444,-81.9645
ALB,Small,ALBANY,NEW YORK,ALBANY,ALBANY INTL,42.74911611,-73.80198
ALO,Non-Hub,WATERLOO,IOWA,BLACK HAWK,WATERLOO RGNL,42.55844916,-92.40102333
ALS,Non-Hub,ALAMOSA,COLORADO,ALAMOSA,SAN LUIS VALLEY RGNL/BERGMAN FLD,37.435125,-105.8678753
ALW,Non-Hub,WALLA WALLA,WASHINGTON,WALLA WALLA,WALLA WALLA RGNL,46.09254166,-118.2840825
AMA,Small,AMARILLO,TEXAS,POTTER,RICK HUSBAND AMARILLO INTL,35.21936111,-101.7059167
APN,Non-Hub,ALPENA,MICHIGAN,ALPENA,ALPENA COUNTY RGNL,45.07808333,-83.56030555
ART,Non-Hub,WATERTOWN,NEW YORK,JEFFERSON,WATERTOWN INTL,43.99183333,-76.01941666
ASE,Non-Hub,ASPEN,COLORADO,PITKIN,ASPEN-PITKIN COUNTY/SARDY FLD,39.22187833,-106.8682333
ATL,Large,ATLANTA,GEORGIA,FULTON,HARTSFIELD/JACKSON ATLANTA INTL,33.63669961,-84.427864
ATY,Non-Hub,WATERTOWN,SOUTH DAKOTA,CODINGTON,WATERTOWN RGNL,44.91397222,-97.15472222
AUS,Large,AUSTIN,TEXAS,TRAVIS,AUSTIN-BERGSTROM INTL,30.19452722,-97.66987611
AVP,Non-Hub,WILKES-BARRE/SCRANTON,PENNSYLVANIA,LUZERNE,WILKES-BARRE/SCRANTON INTL,41.33847222,-75.72338888
AZO,Non-Hub,KALAMAZOO,MICHIGAN,KALAMAZOO,KALAMAZOO/BATTLE CREEK INTL,42.23438888,-85.55155555
BBG,Non-Hub,BRANSON,MISSOURI,TANEY,BRANSON,36.5320825,-93.20054444
BDL,Medium,WINDSOR LOCKS,CONNECTICUT,HARTFORD,BRADLEY INTL,41.93903222,-72.68431583
BFF,Non-Hub,SCOTTSBLUFF,NEBRASKA,SCOTTS BLUFF,SCOTTSBLUFF/WESTERN NEBRASKA RGNL/WM  B HEILIG FLD,41.87402777,-103.5956389
BFI,Non-Hub,SEATTLE,WASHINGTON,KING,BOEING FLD/KING COUNTY INTL,47.52997222,-122.3019444
BFL,Non-Hub,BAKERSFIELD,CALIFORNIA,KERN,MEADOWS FLD,35.43386111,-119.0576667
BGM,Non-Hub,BINGHAMTON,NEW YORK,BROOME,GREATER BINGHAMTON/EDWIN A LINK FLD,42.20844444,-75.97961111
BGR,Small,BANGOR,MAINE,PENOBSCOT,BANGOR INTL,44.80744444,-68.82813888
BIS,Non-Hub,BISMARCK,NORTH DAKOTA,BURLEIGH,BISMARCK MUNI,46.77273388,-100.7457375
BJI,Non-Hub,BEMIDJI,MINNESOTA,BELTRAMI,BEMIDJI RGNL,47.51072222,-94.93472222
BLI,Non-Hub,BELLINGHAM,WASHINGTON,WHATCOM,BELLINGHAM INTL,48.79269444,-122.5375278
BLV,Non-Hub,BELLEVILLE,ILLINOIS,ST CLAIR,SCOTT AFB/MIDAMERICA ST LOUIS,38.54517305,-89.83518555
BMI,Non-Hub,BLOOMINGTON/NORMAL,ILLINOIS,MC LEAN,CENTRAL IL RGNL/BLOOMINGTON-NORMAL,40.47711111,-88.91591666
BNA,Large,NASHVILLE,TENNESSEE,DAVIDSON,NASHVILLE INTL,36.124475,-86.67818055
BOI,Medium,BOISE,IDAHO,ADA,BOISE AIR TRML/GOWEN FLD,43.56436111,-116.2228611
BOS,Large,BOSTON,MASSACHUSETTS,SUFFOLK,GENERAL EDWARD LAWRENCE LOGAN INTL,42.36294444,-71.00638888
BPT,Non-Hub,BEAUMONT/PORT ARTHUR,TEXAS,JEFFERSON,JACK BROOKS RGNL,29.95083111,-94.02069888
BQK,Non-Hub,BRUNSWICK,GEORGIA,GLYNN,BRUNSWICK GOLDEN ISLES,31.25903527,-81.46631638
BRD,Non-Hub,BRAINERD,MINNESOTA,CROW WING,BRAINERD LAKES RGNL,46.40422222,-94.13380555
BRO,Non-Hub,BROWNSVILLE,TEXAS,CAMERON,BROWNSVILLE/SOUTH PADRE ISLAND INTL,25.90613888,-97.426
BTM,Non-Hub,BUTTE,MONTANA,SILVER BOW,BERT MOONEY,45.95480555,-112.4974722
BTR,Small,BATON ROUGE,LOUISIANA,EAST BATON ROUGE,"BATON ROUGE METRO, RYAN FLD",30.53291666,-91.14988888
BTV,Small,BURLINGTON,VERMONT,CHITTENDEN,PATRICK LEAHY BURLINGTON INTL,44.471955,-73.15327611
BUF,Small,BUFFALO,NEW YORK,ERIE,BUFFALO NIAGARA INTL,42.94042722,-78.73056972
BUR,Medium,BURBANK,CALIFORNIA,LOS ANGELES,BOB HOPE,34.20069444,-118.3586667
BVU,Non-Hub,BOULDER CITY,NEVADA,CLARK,BOULDER CITY MUNI,35.94730805,-114.8610842
BWI,Large,BALTIMORE,MARYLAND,ANNE ARUNDEL,BALTIMORE/WASHINGTON INTL THURGOOD MARSHALL,39.17572833,-76.66899111
CAK,Non-Hub,AKRON,OHIO,SUMMIT,AKRON-CANTON RGNL,40.91505555,-81.44363888
CDC,Non-Hub,CEDAR CITY,UTAH,IRON,CEDAR CITY RGNL,37.70097,-113.0988508
CHO,Non-Hub,CHARLOTTESVILLE,VIRGINIA,ALBEMARLE,CHARLOTTESVILLE-ALBEMARLE,38.13964277,-78.45234416
CHS,Medium,CHARLESTON,SOUTH CAROLINA,CHARLESTON,CHARLESTON AFB/INTL,32.89863888,-80.04052777
CID,Small,CEDAR RAPIDS,IOWA,LINN,THE EASTERN IOWA,41.88469444,-91.71080555
CIU,Non-Hub,SAULT STE MARIE,MICHIGAN,CHIPPEWA,CHIPPEWA COUNTY INTL,46.25075166,-84.47238416
CKB,Non-Hub,CLARKSBURG,WEST VIRGINIA,HARRISON,NORTH CENTRAL WEST VIRGINIA,39.29765472,-80.22753194
CLE,Medium,CLEVELAND,OHIO,CUYAHOGA,CLEVELAND-HOPKINS INTL,41.40940694,-81.85469111
CLL,Non-Hub,COLLEGE STATION,TEXAS,BRAZOS,EASTERWOOD FLD,30.58804188,-96.36254444
CLT,Large,CHARLOTTE,NORTH CAROLINA,MECKLENBURG,CHARLOTTE/DOUGLAS INTL,35.21375,-80.94905555
CMH,Medium,COLUMBUS,OHIO,FRANKLIN,JOHN GLENN COLUMBUS INTL,39.99694666,-82.89215916
CMI,Non-Hub,CHAMPAIGN/URBANA,ILLINOIS,CHAMPAIGN,UNIVERSITY OF ILLINOIS/WILLARD,40.03856083,-88.27653916
CMX,Non-Hub,HANCOCK,MICHIGAN,HOUGHTON,HOUGHTON COUNTY MEML,47.16841694,-88.48906944
CNY,Non-Hub,MOAB,UTAH,GRAND,CANYONLANDS RGNL,38.75763083,-109.7534625
COD,Non-Hub,CODY,WYOMING,PARK,YELLOWSTONE RGNL,44.52019444,-109.0238056
COS,Medium,COLORADO SPRINGS,COLORADO,EL PASO,CITY OF COLORADO SPRINGS MUNI,38.80581666,-104.7007764
COU,Non-Hub,COLUMBIA,MISSOURI,BOONE,COLUMBIA RGNL,38.81773527,-92.21779194
CPR,Non-Hub,CASPER,WYOMING,NATRONA,CASPER/NATRONA COUNTY INTL,42.90587472,-106.4636486
CRP,Non-Hub,CORPUS CHRISTI,TEXAS,NUECES,CORPUS CHRISTI INTL,27.77219444,-97.50241666
CRW,Non-Hub,CHARLESTON,WEST VIRGINIA,KANAWHA,WEST VIRGINIA INTL YEAGER,38.37601305,-81.59289361
CSG,Non-Hub,COLUMBUS,GEORGIA,MUSCOGEE,COLUMBUS,32.5163275,-84.93887027
CVG,Medium,COVINGTON,KENTUCKY,BOONE,CINCINNATI/NORTHERN KENTUCKY INTL,39.0488375,-84.66782083
CWA,Non-Hub,MOSINEE,WISCONSIN,MARATHON,CENTRAL WISCONSIN,44.77778305,-89.66591111
DAB,Medium,DAYTONA BEACH,FLORIDA,VOLUSIA,DAYTONA BEACH INTL,29.17990888,-81.05804222
DAL,Medium,DALLAS,TEXAS,DALLAS,DALLAS LOVE FLD,32.84594472,-96.85087666
DAY,Small,DAYTON,OHIO,MONTGOMERY,JAMES M COX DAYTON INTL,39.90225222,-84.21941222
DBQ,Non-Hub,DUBUQUE,IOWA,DUBUQUE,DUBUQUE RGNL,42.402,-90.70947222
DCA,Large,WASHINGTON,DIST. OF COLUMBIA,ARLINGTON,RONALD REAGAN WASHINGTON NTL,38.85144027,-77.03772138
DEN,Large,DENVER,COLORADO,DENVER,DENVER INTL,39.86166666,-104.6731667
DFW,Large,DALLAS-FORT WORTH,TEXAS,TARRANT,DALLAS-FORT WORTH INTL,32.89723305,-97.03769472
DHN,Non-Hub,DOTHAN,ALABAMA,DALE,DOTHAN RGNL,31.32102777,-85.44947222
DIK,Non-Hub,DICKINSON,NORTH DAKOTA,STARK,DICKINSON/THEODORE ROOSEVELT RGNL,46.80047361,-102.8044353
DLH,Non-Hub,DULUTH,MINNESOTA,ST LOUIS,DULUTH INTL,46.84206975,-92.19323722
DRO,Non-Hub,DURANGO,COLORADO,LA PLATA,DURANGO-LA PLATA COUNTY,37.15152777,-107.7537778
DRT,Non-Hub,DEL RIO,TEXAS,VAL VERDE,DEL RIO INTL,29.37420694,-100.9271569
DTW,Large,DETROIT,MICHIGAN,WAYNE,DETROIT METRO WAYNE COUNTY,42.21243111,-83.35339333
EAR,Non-Hub,KEARNEY,NEBRASKA,BUFFALO,KEARNEY RGNL,40.72704055,-99.00677
EAT,Non-Hub,WENATCHEE,WASHINGTON,DOUGLAS,PANGBORN MEML,47.39880555,-120.2068333
EAU,Non-Hub,EAU CLAIRE,WISCONSIN,CHIPPEWA,CHIPPEWA VALLEY RGNL,44.86580555,-91.48425
EGE,Non-Hub,EAGLE,COLORADO,EAGLE,EAGLE COUNTY RGNL,39.64275,-106.9159444
EKO,Non-Hub,ELKO,NEVADA,ELKO,ELKO RGNL,40.82499861,-115.7913375
ELM,Non-Hub,ELMIRA/CORNING,NEW YORK,CHEMUNG,ELMIRA/CORNING RGNL,42.15985472,-76.89174777
ELP,Medium,EL PASO,TEXAS,EL PASO,EL PASO INTL,31.80733333,-106.3763611
ERI,Non-Hub,ERIE,PENNSYLVANIA,ERIE,ERIE INTL/TOM RIDGE FLD,42.08308333,-80.17394444
ESC,Non-Hub,ESCANABA,MICHIGAN,DELTA,DELTA COUNTY,45.72267416,-87.09371583
EUG,Small,EUGENE,OREGON,LANE,MAHLON SWEET FLD,44.12458333,-123.2119722
EVV,Non-Hub,EVANSVILLE,INDIANA,VANDERBURGH,EVANSVILLE RGNL,38.04080555,-87.5285
EWN,Non-Hub,NEW BERN,NORTH CAROLINA,CRAVEN,COASTAL CAROLINA RGNL,35.07285444,-77.04301972
EWR,Large,NEWARK,NEW JERSEY,ESSEX,NEWARK LIBERTY INTL,40.69247983,-74.16868677
FAT,Small,FRESNO,CALIFORNIA,FRESNO,FRESNO YOSEMITE INTL,36.77655555,-119.7188333
FAY,Non-Hub,FAYETTEVILLE,NORTH CAROLINA,CUMBERLAND,FAYETTEVILLE RGNL/GRANNIS FLD,34.99121111,-78.88027416
FHR,Non-Hub,FRIDAY HARBOR,WASHINGTON,SAN JUAN,FRIDAY HARBOR,48.52197222,-123.0243611
FLG,Non-Hub,FLAGSTAFF,ARIZONA,COCONINO,FLAGSTAFF PULLIAM,35.14031583,-111.6692414
FLL,Large,FORT LAUDERDALE,FLORIDA,BROWARD,FORT LAUDERDALE/HOLLYWOOD INTL,26.07166666,-80.14969444
FLO,Non-Hub,FLORENCE,SOUTH CAROLINA,FLORENCE,FLORENCE RGNL,34.18536333,-79.72388305
FNT,Non-Hub,FLINT,MICHIGAN,GENESEE,BISHOP INTL,42.96546388,-83.74473805
FSD,Small,SIOUX FALLS,SOUTH DAKOTA,MINNEHAHA,JOE FOSS FLD,43.58201805,-96.74192527
FSM,Non-Hub,FORT SMITH,ARKANSAS,SEBASTIAN,FORT SMITH RGNL,35.33664694,-94.36610888
FWA,Small,FORT WAYNE,INDIANA,ALLEN,FORT WAYNE INTL,40.97847222,-85.19516666
GCC,Non-Hub,GILLETTE,WYOMING,CAMPBELL,NORTHEAST WYOMING RGNL,44.34890805,-105.5393675
GCK,Non-Hub,GARDEN CITY,KANSAS,FINNEY,GARDEN CITY RGNL,37.92752777,-100.7244167
GCN,Small,GRAND CANYON,ARIZONA,COCONINO,GRAND CANYON NTL PARK,35.95236111,-112.1469722
GEG,Small,SPOKANE,WASHINGTON,SPOKANE,SPOKANE INTL,47.61902777,-117.5352222
GFK,Non-Hub,GRAND FORKS,NORTH DAKOTA,GRAND FORKS,GRAND FORKS INTL,47.94786833,-97.17569166
GGG,Non-Hub,LONGVIEW,TEXAS,GREGG,EAST TEXAS RGNL,32.384,-94.7115
GJT,Non-Hub,GRAND JUNCTION,COLORADO,MESA,GRAND JUNCTION RGNL,39.12149916,-108.5254856
GNV,Non-Hub,GAINESVILLE,FLORIDA,ALACHUA,GAINESVILLE RGNL,29.69005555,-82.27177777
GPT,Non-Hub,GULFPORT,MISSISSIPPI,HARRISON,GULFPORT-BILOXI INTL,30.40726916,-89.07009583
GRB,Non-Hub,GREEN BAY,WISCONSIN,BROWN,GREEN BAY/AUSTIN STRAUBEL INTL,44.48463361,-88.12971333
GRI,Non-Hub,GRAND ISLAND,NEBRASKA,HALL,CENTRAL NEBRASKA RGNL,40.9675425,-98.30963888
GRK,Non-Hub,FORT CAVAZOS (KILLEEN),TEXAS,BELL,ROBERT GRAY AAF,31.06725,-97.82891666
GRR,Small,GRAND RAPIDS,MICHIGAN,KENT,GERALD R FORD INTL,42.88083333,-85.52280555
GSO,Small,GREENSBORO,NORTH CAROLINA,GUILFORD,PIEDMONT TRIAD INTL,36.10132666,-79.94112277
GSP,Small,GREER,SOUTH CAROLINA,GREENVILLE,GREENVILLE SPARTANBURG INTL,34.89567111,-82.21885944
GTF,Non-Hub,GREAT FALLS,MONTANA,CASCADE,GREAT FALLS INTL,47.48229927,-111.3702794
GTR,Non-Hub,COLUMBUS/W POINT/STARKVILLE,MISSISSIPPI,LOWNDES,GOLDEN TRIANGLE RGNL,33.44827777,-88.59138888
GUC,Non-Hub,GUNNISON,COLORADO,GUNNISON,GUNNISON-CRESTED BUTTE RGNL,38.53433333,-106.93175
HDN,Non-Hub,HAYDEN,COLORADO,ROUTT,YAMPA VALLEY,40.48119444,-107.2176667
HGR,Non-Hub,HAGERSTOWN,MARYLAND,WASHINGTON,HAGERSTOWN RGNL/RICHARD A HENSON FLD,39.7085,-77.7265
HIB,Non-Hub,HIBBING,MINNESOTA,ST LOUIS,RANGE RGNL,47.386575,-92.83897805
HLN,Non-Hub,HELENA,MONTANA,LEWIS AND CLARK,HELENA RGNL,46.60672222,-111.9832778
HOB,Non-Hub,HOBBS,NEW MEXICO,LEA,LEA COUNTY RGNL,32.68734944,-103.2175286
HOU,Medium,HOUSTON,TEXAS,HARRIS,WILLIAM P HOBBY,29.64579983,-95.27723158
HPN,Small,WHITE PLAINS,NEW YORK,WESTCHESTER,WESTCHESTER COUNTY,41.06695305,-73.70756611
HRL,Small,HARLINGEN,TEXAS,CAMERON,VALLEY INTL,26.22655972,-97.65531111
HSV,Small,HUNTSVILLE,ALABAMA,MADISON,HUNTSVILLE INTL-CARL T JONES FLD,34.63719694,-86.77505416
HTS,Non-Hub,HUNTINGTON,WEST VIRGINIA,WAYNE,TRI-STATE/MILTON J FERGUSON FLD,38.3685078,-82.56036022
HVN,Non-Hub,NEW HAVEN,CONNECTICUT,NEW HAVEN,TWEED/NEW HAVEN,41.26372472,-72.88772916
HXD,Non-Hub,HILTON HEAD ISLAND,SOUTH CAROLINA,BEAUFORT,HILTON HEAD,32.224495,-80.69740083
HYA,Non-Hub,HYANNIS,MASSACHUSETTS,BARNSTABLE,CAPE COD GATEWAY,41.66933722,-70.28035916
HYS,Non-Hub,HAYS,KANSAS,ELLIS,HAYS RGNL,38.84222222,-99.27316666
IAD,Large,WASHINGTON,DIST. OF COLUMBIA,LOUDOUN,WASHINGTON DULLES INTL,38.94745638,-77.45992861
IAG,Non-Hub,NIAGARA FALLS,NEW YORK,NIAGARA,NIAGARA FALLS INTL,43.10755736,-78.94584666
IAH,Large,HOUSTON,TEXAS,HARRIS,GEORGE BUSH INTCNTL/HOUSTON,29.98443527,-95.3414425
ICT,Small,WICHITA,KANSAS,SEDGWICK,WICHITA DWIGHT D EISENHOWER NTL,37.6499525,-97.43304277
IDA,Non-Hub,IDAHO FALLS,IDAHO,BONNEVILLE,IDAHO FALLS RGNL,43.51367333,-112.0708203
ILG,Non-Hub,WILMINGTON,DELAWARE,NEW CASTLE,NEW CASTLE,39.67870972,-75.606635
IMT,Non-Hub,IRON MOUNTAIN KINGSFORD,MICHIGAN,DICKINSON,FORD,45.81835638,-88.11454444
IND,Medium,INDIANAPOLIS,INDIANA,MARION,INDIANAPOLIS INTL,39.71730555,-86.29463888
ISP,Small,NEW YORK,NEW YORK,SUFFOLK,LONG ISLAND MAC ARTHUR,40.79613569,-73.10066505
ITH,Non-Hub,ITHACA,NEW YORK,TOMPKINS,ITHACA TOMPKINS INTL,42.49136111,-76.45872222
JAN,Small,JACKSON,MISSISSIPPI,RANKIN,JACKSON-MEDGAR WILEY EVERS INTL,32.31116666,-90.07588888
JAX,Medium,JACKSONVILLE,FLORIDA,DUVAL,JACKSONVILLE INTL,30.49404555,-81.68784666
JFK,Large,NEW YORK,NEW YORK,QUEENS,JOHN F KENNEDY INTL,40.63992805,-73.77869222
JLN,Non-Hub,JOPLIN,MISSOURI,JASPER,JOPLIN RGNL,37.15316722,-94.4988075
JMS,Non-Hub,JAMESTOWN,NORTH DAKOTA,STUTSMAN,JAMESTOWN RGNL,46.92972222,-98.67819444
JQF,Non-Hub,CONCORD,NORTH CAROLINA,CABARRUS,CONCORD-PADGETT RGNL,35.38777027,-80.7091325
LAN,Small,LANSING,MICHIGAN,CLINTON,CAPITAL REGION INTL,42.7786475,-84.58620555
LAR,Non-Hub,LARAMIE,WYOMING,ALBANY,LARAMIE RGNL,41.31205722,-105.6749856
LAS,Large,LAS VEGAS,NEVADA,CLARK,HARRY REID INTL,36.08004388,-115.1522347
LAW,Non-Hub,LAWTON,OKLAHOMA,COMANCHE,LAWTON-FORT SILL RGNL,34.56771444,-98.41663666
LAX,Large,LOS ANGELES,CALIFORNIA,LOS ANGELES,LOS ANGELES INTL,33.94249638,-118.4080486
LBB,Small,LUBBOCK,TEXAS,LUBBOCK,LUBBOCK PRESTON SMITH INTL,33.66366666,-101.8205556
LBE,Non-Hub,LATROBE,PENNSYLVANIA,WESTMORELAND,ARNOLD PALMER RGNL,40.2731005,-79.41032555
LBF,Non-Hub,NORTH PLATTE,NEBRASKA,LINCOLN,NORTH PLATTE RGNL/LEE BIRD FLD,41.12621277,-100.6836531
LCH,Non-Hub,LAKE CHARLES,LOUISIANA,CALCASIEU,LAKE CHARLES RGNL,30.12609444,-93.22341277
LCK,Non-Hub,COLUMBUS,OHIO,FRANKLIN,RICKENBACKER INTL,39.813787,-82.92781372
LEX,Small,LEXINGTON,KENTUCKY,FAYETTE,BLUE GRASS,38.03674166,-84.60861722
LFT,Non-Hub,LAFAYETTE,LOUISIANA,LAFAYETTE,LAFAYETTE RGNL/PAUL FOURNET FLD,30.20502777,-91.98775
LGA,Large,NEW YORK,NEW YORK,QUEENS,LAGUARDIA,40.77724222,-73.87260555
LGB,Small,LONG BEACH,CALIFORNIA,LOS ANGELES,LONG BEACH (DAUGHERTY FLD),33.81792972,-118.1518906
LIT,Small,LITTLE ROCK,ARKANSAS,PULASKI,BILL AND HILLARY CLINTON NTL/ADAMS FLD,34.72944138,-92.22477722
LNK,Non-Hub,LINCOLN,NEBRASKA,LANCASTER,LINCOLN,40.85089138,-96.75912111
LRD,Non-Hub,LAREDO,TEXAS,WEBB,LAREDO INTL,27.54419444,-99.46158333
LSE,Non-Hub,LA CROSSE,WISCONSIN,LA CROSSE,LA CROSSE RGNL,43.87926566,-91.25663361
LWB,Non-Hub,LEWISBURG,WEST VIRGINIA,GREENBRIER,GREENBRIER VALLEY,37.85830666,-80.3994825
LWS,Non-Hub,LEWISTON,IDAHO,NEZ PERCE,LEWISTON/NEZ PERCE COUNTY,46.37449861,-117.0153964
LYH,Non-Hub,LYNCHBURG,VIRGINIA,CAMPBELL,LYNCHBURG RGNL/PRESTON GLENN FLD,37.32538888,-79.20122222
MAF,Small,MIDLAND,TEXAS,MIDLAND,MIDLAND INTL AIR AND SPACE PORT,31.94252777,-102.2019167
MBS,Non-Hub,SAGINAW,MICHIGAN,SAGINAW,MBS INTL,43.53292694,-84.07963583
MCI,Medium,KANSAS CITY,MISSOURI,PLATTE,KANSAS CITY INTL,39.29761111,-94.71388888
MCN,Non-Hub,MACON,GEORGIA,BIBB,MIDDLE GEORGIA RGNL,32.69283333,-83.64922222
MCO,Large,ORLANDO,FLORIDA,ORANGE,ORLANDO INTL,28.42938888,-81.309
MDT,Small,HARRISBURG,PENNSYLVANIA,DAUPHIN,HARRISBURG INTL,40.19319166,-76.76261916
MDW,Small,CHICAGO,ILLINOIS,COOK,CHICAGO MIDWAY INTL,41.78597222,-87.75241666
MEI,Non-Hub,MERIDIAN,MISSISSIPPI,LAUDERDALE,KEY FLD,32.33286166,-88.75157222
MEM,Medium,MEMPHIS,TENNESSEE,SHELBY,MEMPHIS INTL,35.04241138,-89.97667916
MGM,Non-Hub,MONTGOMERY,ALABAMA,MONTGOMERY,MONTGOMERY RGNL (DANNELLY FLD),32.30063888,-86.39397222
MHK,Non-Hub,MANHATTAN,KANSAS,RILEY,MANHATTAN RGNL,39.14141666,-96.67155555
MHT,Small,MANCHESTER,NEW HAMPSHIRE,HILLSBOROUGH,MANCHESTER BOSTON RGNL,42.93280555,-71.43575
MIA,Large,MIAMI,FLORIDA,DADE,MIAMI INTL,25.79536111,-80.29011583
MKE,Medium,MILWAUKEE,WISCONSIN,MILWAUKEE,GENERAL MITCHELL INTL,42.94693194,-87.89706444
MKG,Non-Hub,MUSKEGON,MICHIGAN,MUSKEGON,MUSKEGON COUNTY,43.16767172,-86.23543872
MLB,Non-Hub,MELBOURNE,FLORIDA,BREVARD,MELBOURNE ORLANDO INTL,28.10275,-80.64525
MLI,Non-Hub,MOLINE,ILLINOIS,ROCK ISLAND,QUAD CITIES INTL,41.44820916,-90.50777
MLU,Non-Hub,MONROE,LOUISIANA,OUACHITA,MONROE RGNL,32.51055583,-92.03613361
MOB,Small,MOBILE,ALABAMA,MOBILE,MOBILE RGNL,30.69141666,-88.24283333
MOT,Non-Hub,MINOT,NORTH DAKOTA,WARD,MINOT INTL,48.25763888,-101.2780278
MRY,Non-Hub,MONTEREY,CALIFORNIA,MONTEREY,MONTEREY RGNL,36.58695222,-121.8427831
MSN,Small,MADISON,WISCONSIN,DANE,DANE COUNTY RGNL/TRUAX FLD,43.13987913,-89.33750447
MSP,Large,MINNEAPOLIS,MINNESOTA,HENNEPIN,MINNEAPOLIS-ST PAUL INTL/WOLD-CHAMBERLAIN,44.88197222,-93.22177777
MSY,Medium,NEW ORLEANS,LOUISIANA,JEFFERSON,LOUIS ARMSTRONG NEW ORLEANS INTL,29.99327222,-90.2590275
MTJ,Non-Hub,MONTROSE,COLORADO,MONTROSE,MONTROSE RGNL,38.50980555,-107.89425
MVY,Non-Hub,VINEYARD HAVEN,MASSACHUSETTS,DUKES,MARTHA'S VINEYARD,41.3934175,-70.61387444
MWA,Non-Hub,MARION,ILLINOIS,WILLIAMSON,VETERANS AIRPORT OF SOUTHERN ILLINOIS,37.75497222,-89.01108333
MYR,Small,MYRTLE BEACH,SOUTH CAROLINA,HORRY,MYRTLE BEACH INTL,33.67974111,-78.92832138
NYL,Non-Hub,YUMA,ARIZONA,YUMA,YUMA MCAS/YUMA INTL,32.65657388,-114.6059872
OAJ,Non-Hub,JACKSONVILLE,NORTH CAROLINA,ONSLOW,ALBERT J ELLIS,34.82916666,-77.61213888
OAK,Medium,OAKLAND,CALIFORNIA,ALAMEDA,SAN FRANCISCO BAY OAKLAND INTL,37.72126138,-122.2211506
OGD,Non-Hub,OGDEN,UTAH,WEBER,OGDEN-HINCKLEY,41.19507036,-112.0121947
OGS,Non-Hub,OGDENSBURG,NEW YORK,ST LAWRENCE,OGDENSBURG INTL,44.68225,-75.46325
OKC,Medium,OKLAHOMA CITY,OKLAHOMA,OKLAHOMA,OKC WILL ROGERS INTL,35.39307277,-97.60076555
OMA,Medium,OMAHA,NEBRASKA,DOUGLAS,EPPLEY AIRFIELD,41.30316666,-95.89405555
ONT,Medium,ONTARIO,CALIFORNIA,SAN BERNARDINO,ONTARIO INTL,34.05601416,-117.6011875
ORD,Large,CHICAGO,ILLINOIS,COOK,CHICAGO O'HARE INTL,41.97694027,-87.90814972
ORF,Small,NORFOLK,VIRGINIA,NORFOLK,NORFOLK INTL,36.89460416,-76.20122916
ORH,Non-Hub,WORCESTER,MASSACHUSETTS,WORCESTER,WORCESTER RGNL,42.26713888,-71.87561111
ORS,Non-Hub,EASTSOUND,WASHINGTON,SAN JUAN,ORCAS ISLAND,48.70833722,-122.9105953
OTH,Non-Hub,NORTH BEND,OREGON,COOS,SOUTHWEST OREGON RGNL,43.41694444,-124.2470278
OWB,Non-Hub,OWENSBORO,KENTUCKY,DAVIESS,OWENSBORO/DAVIESS COUNTY RGNL,37.73883416,-87.16682855
PAE,Non-Hub,EVERETT,WASHINGTON,SNOHOMISH,SEATTLE PAINE FLD INTL,47.90731805,-122.2820939
PAH,Non-Hub,PADUCAH,KENTUCKY,MC CRACKEN,BARKLEY RGNL,37.06028833,-88.77295916
PBG,Non-Hub,PLATTSBURGH,NEW YORK,CLINTON,PLATTSBURGH INTL,44.65094444,-73.46813888
PBI,Medium,WEST PALM BEACH,FLORIDA,PALM BEACH,PALM BEACH INTL,26.68316166,-80.09559194
PDX,Medium,PORTLAND,OREGON,MULTNOMAH,PORTLAND INTL,45.58870886,-122.5968694
PGA,Non-Hub,PAGE,ARIZONA,COCONINO,PAGE MUNI,36.92606944,-111.4483506
PGV,Non-Hub,GREENVILLE,NORTH CAROLINA,PITT,PITT-GREENVILLE,35.63569444,-77.38408333
PHF,Non-Hub,NEWPORT NEWS,VIRGINIA,NEWPORT NEWS,NEWPORT NEWS/WILLIAMSBURG INTL,37.13188888,-76.49297222
PHL,Large,PHILADELPHIA,PENNSYLVANIA,PHILADELPHIA,PHILADELPHIA INTL,39.87208388,-75.24066305
PHX,Large,PHOENIX,ARIZONA,MARICOPA,PHOENIX SKY HARBOR INTL,33.43427777,-112.0115833
PIA,Non-Hub,PEORIA,ILLINOIS,PEORIA,GENERAL DOWNING - PEORIA INTL,40.66419444,-89.69325
PIB,Non-Hub,HATTIESBURG-LAUREL,MISSISSIPPI,JONES,HATTIESBURG/LAUREL RGNL,31.46713888,-89.33705555
PIE,Small,ST PETERSBURG-CLEARWATER,FLORIDA,PINELLAS,ST PETE-CLEARWATER INTL,27.90863361,-82.68651
PIH,Non-Hub,POCATELLO,IDAHO,POWER,POCATELLO RGNL,42.9097925,-112.5959189
PIR,Non-Hub,PIERRE,SOUTH DAKOTA,HUGHES,PIERRE RGNL,44.38268694,-100.2859753
PIT,Non-Hub,PITTSBURGH,PENNSYLVANIA,ALLEGHENY,PITTSBURGH INTL,40.49141666,-80.23269444
PLN,Non-Hub,PELLSTON,MICHIGAN,EMMET,PELLSTON RGNL/EMMET COUNTY,45.57091666,-84.79672222
PNS,Small,PENSACOLA,FLORIDA,ESCAMBIA,PENSACOLA INTL,30.47341666,-87.18661111
PQI,Non-Hub,PRESQUE ISLE,MAINE,AROOSTOOK,PRESQUE ISLE INTL,46.68896388,-68.04479138
PRC,Non-Hub,PRESCOTT,ARIZONA,YAVAPAI,PRESCOTT RGNL/ERNEST A LOVE FLD,34.65483333,-112.4192222
PSM,Non-Hub,PORTSMOUTH,NEW HAMPSHIRE,ROCKINGHAM,PORTSMOUTH INTL AT PEASE,43.07794444,-70.82327777
PSP,Small,PALM SPRINGS,CALIFORNIA,RIVERSIDE,PALM SPRINGS INTL,33.82966972,-116.5066942
PUW,Non-Hub,PULLMAN/MOSCOW,WASHINGTON,WHITMAN,PULLMAN/MOSCOW RGNL,46.74169138,-117.1116192
PVU,Non-Hub,PROVO,UTAH,UTAH,PROVO MUNI,40.21916666,-111.7233611
PWM,Small,PORTLAND,MAINE,CUMBERLAND,PORTLAND INTL JETPORT,43.6456435,-70.30861636
RDD,Non-Hub,REDDING,CALIFORNIA,SHASTA,REDDING RGNL,40.50898527,-122.2933853
RDU,Medium,RALEIGH/DURHAM,NORTH CAROLINA,WAKE,RALEIGH-DURHAM INTL,35.87763888,-78.78747222
RFD,Non-Hub,CHICAGO/ROCKFORD,ILLINOIS,WINNEBAGO,CHICAGO/ROCKFORD INTL,42.19536111,-89.09722222
RHI,Non-Hub,RHINELANDER,WISCONSIN,ONEIDA,RHINELANDER/ONEIDA COUNTY,45.63090055,-89.46662777
RIC,Small,RICHMOND,VIRGINIA,HENRICO,RICHMOND INTL,37.50518111,-77.31973861
RIW,Non-Hub,RIVERTON,WYOMING,FREMONT,CENTRAL WYOMING RGNL,43.06423833,-108.4598408
RKD,Non-Hub,ROCKLAND,MAINE,KNOX,KNOX COUNTY RGNL,44.06014222,-69.09966972
RKS,Non-Hub,ROCK SPRINGS,WYOMING,SWEETWATER,SOUTHWEST WYOMING RGNL,41.59422222,-109.0651944
RNO,Medium,RENO,NEVADA,WASHOE,RENO/TAHOE INTL,39.49911111,-119.7681111
ROA,Non-Hub,ROANOKE,VIRGINIA,ROANOKE,ROANOKE/BLACKSBURG RGNL (WOODRUM FLD),37.32547222,-79.97541666
ROC,Small,ROCHESTER,NEW YORK,MONROE,FREDERICK DOUGLASS/GREATER ROCHESTER INTL,43.11914361,-77.67186888
ROW,Non-Hub,ROSWELL,NEW MEXICO,CHAVES,ROSWELL AIR CENTER,33.2998775,-104.5294031
RST,Non-Hub,ROCHESTER,MINNESOTA,OLMSTED,ROCHESTER INTL,43.90827777,-92.50002777
RSW,Medium,FORT MYERS,FLORIDA,LEE,SOUTHWEST FLORIDA INTL,26.53616388,-81.755155
SAF,Non-Hub,SANTA FE,NEW MEXICO,SANTA FE,SANTA FE RGNL,35.61711111,-106.0894167
SAN,Large,SAN DIEGO,CALIFORNIA,SAN DIEGO,SAN DIEGO INTL,32.73356277,-117.1896633
SAT,Medium,SAN ANTONIO,TEXAS,BEXAR,SAN ANTONIO INTL,29.53395833,-98.46905694
SAV,Small,SAVANNAH,GEORGIA,CHATHAM,SAVANNAH/HILTON HEAD INTL,32.12758333,-81.20213888
SAW,Non-Hub,MARQUETTE,MICHIGAN,MARQUETTE,MARQUETTE/SAWYER RGNL,46.34915833,-87.39637166
SBA,Small,SANTA BARBARA,CALIFORNIA,SANTA BARBARA,SANTA BARBARA MUNI,34.42619166,-119.8414928
SBN,Small,SOUTH BEND,INDIANA,ST JOSEPH,SOUTH BEND INTL,41.70822388,-86.3173375
SBP,Non-Hub,SAN LUIS OBISPO,CALIFORNIA,SAN LUIS OBISPO,SAN LUIS OBISPO COUNTY RGNL,35.2372725,-120.6426028
SBY,Non-Hub,SALISBURY,MARYLAND,WICOMICO,SALISBURY-OCEAN CITY WICOMICO RGNL,38.34018944,-75.50947805
SCK,Non-Hub,STOCKTON,CALIFORNIA,SAN JOAQUIN,STOCKTON METRO,37.89441027,-121.23874
SEA,Large,SEATTLE,WASHINGTON,KING,SEATTLE-TACOMA INTL,47.44988888,-122.3117778
SFB,Small,ORLANDO,FLORIDA,SEMINOLE,ORLANDO SANFORD INTL,28.77717805,-81.23491361
SFO,Large,SAN FRANCISCO,CALIFORNIA,SAN MATEO,SAN FRANCISCO INTL,37.61880555,-122.3754167
SGF,Small,SPRINGFIELD,MISSOURI,GREENE,SPRINGFIELD-BRANSON NTL,37.24566138,-93.38862694
SGU,Non-Hub,ST GEORGE,UTAH,WASHINGTON,ST GEORGE RGNL,37.03637805,-113.5103028
SHD,Non-Hub,STAUNTON/WAYNESBORO/HARRISONBURG,VIRGINIA,AUGUSTA,SHENANDOAH VALLEY RGNL,38.26383333,-78.89644444
SHR,Non-Hub,SHERIDAN,WYOMING,SHERIDAN,SHERIDAN COUNTY,44.76919444,-106.9802778
SHV,Small,SHREVEPORT,LOUISIANA,CADDO,SHREVEPORT RGNL,32.44651527,-93.82604
SJC,Medium,SAN JOSE,CALIFORNIA,SANTA CLARA,NORMAN Y MINETA SAN JOSE INTL,37.36299472,-121.9286206
SJT,Non-Hub,SAN ANGELO,TEXAS,TOM GREEN,SAN ANGELO RGNL/MATHIS FLD,31.35774833,-100.4963042
SLC,Large,SALT LAKE CITY,UTAH,SALT LAKE,SALT LAKE CITY INTL,40.78839333,-111.9777733
SLN,Non-Hub,SALINA,KANSAS,SALINE,SALINA RGNL,38.79061111,-97.65222222
SMF,Medium,SACRAMENTO,CALIFORNIA,SACRAMENTO,SACRAMENTO INTL,38.69544444,-121.5907778
SMX,Non-Hub,SANTA MARIA,CALIFORNIA,SANTA BARBARA,SANTA MARIA PUB/CAPT G ALLAN HANCOCK FLD,34.89994444,-120.4580833
SNA,Medium,SANTA ANA,CALIFORNIA,ORANGE,JOHN WAYNE/ORANGE COUNTY,33.67566194,-117.8682331
SPI,Non-Hub,SPRINGFIELD,ILLINOIS,SANGAMON,ABRAHAM LINCOLN CAPITAL,39.84461361,-89.67754666
SPS,Non-Hub,WICHITA FALLS,TEXAS,WICHITA,SHEPPARD AFB/WICHITA FALLS MUNI,33.9888,-98.49190555
STC,Non-Hub,ST CLOUD,MINNESOTA,SHERBURNE,ST CLOUD RGNL,45.54622222,-94.05938888
STL,Large,ST LOUIS,MISSOURI,ST LOUIS,ST LOUIS LAMBERT INTL,38.74869822,-90.37002572
STS,Non-Hub,SANTA ROSA,CALIFORNIA,SONOMA,CHARLES M SCHULZ/SONOMA COUNTY,38.50969444,-122.8128889
SUN,Non-Hub,HAILEY,IDAHO,BLAINE,FRIEDMAN MEML,43.50378055,-114.2955583
SUX,Non-Hub,SIOUX CITY,IOWA,WOODBURY,SIOUX GATEWAY/BRIG GENERAL BUD DAY FLD,42.40130944,-96.38441805
SWF,Small,NEW YORK,NEW YORK,ORANGE,NEW YORK STEWART INTL,41.50411111,-74.10483333
SWO,Non-Hub,STILLWATER,OKLAHOMA,PAYNE,STILLWATER RGNL,36.16138944,-97.08589333
SYR,Small,SYRACUSE,NEW YORK,ONONDAGA,SYRACUSE HANCOCK INTL,43.11118111,-76.10632027
TBN,Non-Hub,FORT LEONARD WOOD,MISSOURI,PULASKI,WAYNESVILLE-ST ROBERT RGNL FORNEY FLD,37.74163888,-92.14072222
TLH,Non-Hub,TALLAHASSEE,FLORIDA,LEON,TALLAHASSEE INTL,30.39675416,-84.35086888
TOL,Non-Hub,TOLEDO,OHIO,LUCAS,EUGENE F KRANZ TOLEDO EXPRESS,41.58681666,-83.80782666
TPA,Large,TAMPA,FLORIDA,HILLSBOROUGH,TAMPA INTL,27.97547222,-82.53325
TRI,Non-Hub,BRISTOL/JOHNSON/KINGSPORT,TENNESSEE,SULLIVAN,TRI-CITIES,36.47520777,-82.40741527
TTN,Non-Hub,TRENTON,NEW JERSEY,MERCER,TRENTON MERCER,40.27669444,-74.81347222
TUL,Medium,TULSA,OKLAHOMA,TULSA,TULSA INTL,36.19839333,-95.88810527
TUP,Non-Hub,TUPELO,MISSISSIPPI,LEE,TUPELO RGNL,34.269,-88.76988888
TUS,Medium,TUCSON,ARIZONA,PIMA,TUCSON INTL,32.11706819,-110.9414628
TVC,Non-Hub,TRAVERSE CITY,MICHIGAN,GRAND TRAVERSE,CHERRY CAPITAL,44.74157861,-85.58187
TWF,Non-Hub,TWIN FALLS,IDAHO,TWIN FALLS,JOSLIN FLD/MAGIC VALLEY RGNL,42.48180916,-114.4877361
TXK,Non-Hub,TEXARKANA,ARKANSAS,MILLER,TEXARKANA RGNL-WEBB FLD,33.45371638,-93.99103055
TYR,Non-Hub,TYLER,TEXAS,SMITH,TYLER POUNDS RGNL,32.35354722,-95.40297777
TYS,Small,KNOXVILLE,TENNESSEE,BLOUNT,MC GHEE TYSON,35.81109111,-83.99406722
UNV,Non-Hub,STATE COLLEGE,PENNSYLVANIA,CENTRE,STATE COLLEGE RGNL,40.85,-77.84758333
VLD,Non-Hub,VALDOSTA,GEORGIA,LOWNDES,VALDOSTA RGNL,30.78146444,-83.27597166
WYS,Non-Hub,WEST YELLOWSTONE,MONTANA,GALLATIN,YELLOWSTONE,44.68838888,-111.1176389
XWA,Non-Hub,WILLISTON,NORTH DAKOTA,WILLIAMS,WILLISTON BASIN INTL,48.25978361,-103.7505567
YKM,Non-Hub,YAKIMA,WASHINGTON,YAKIMA,YAKIMA AIR TRML/MCALLISTER FLD,46.56816722,-120.5440625
